year,saturation,electricity
2000,0.37965537153078016,3332.812462901786
2020,0.23585045164237503,3975.7416724070795
